"Url_suurEelnou"	"Url_istungiProtokoll"	"Id_custom"	"Tyyp_custom"	"Istungi_pidaja"	"Istungi_kp"	"Protokolli_nr"	"Toimumise_koht"	"Istungi_kellaaeg"	"Istungit_juhatas"	"Protokollija"	"Istungist_votsid_osa"	"Puudusid"	"Kutsutud"	"Kylalised"	"Seisund"
"http://info.raad.tartu.ee/webaktid.nsf/web/gpunid/G6CF8DA994C527827C225804C001B588B?OpenDocument"	"http://info.raad.tartu.ee/webaktid.nsf/web/gpunid/GF32A19032F76702BC22580490022A958?OpenDocument"	"1"	"Istungi protokoll"	"Tartu Linnavalitsus"	"11.10.2016"	"75"	"Raekoda, istungite ruum"	"08:30 - 09:05"	"Urmas Klaas"	"Sandra Õnne"	"linnapea Urmas Klaas, abilinnapead Jarno Laur, Valvo Semilarski ja Jaan Õunapuu ning linnasekretär Jüri Mölder"	"abilinnapead Artjom Suvorov ja Tiia Teppan"	"linnaplaneerimise ja maakorralduse osakonna juhataja Urmas Ahven, õigusteenistuse juhataja Anneli Apuhtin, arhitektuuri ja ehituse osakonna juhataja Tõnis Arjus, ettevõtluse osakonna juhataja Malle Blumenau, linnamajanduse osakonna juhataja Rein Haak, sotsiaal- ja tervishoiuosakonna juhataja Sirje Kree, rahandusosakonna juhataja Külli Lust, avalike suhete osakonna juhataja Indrek Mustimets, haridusosakonna juhataja Riho Raave, linnavarade osakonna juhataja asetäitja Mait Raig, meediaspetsialist Helle Tolmoff, kultuuriosakonna juhataja Marleen Viidul, sisekontrolliteenistuse peaspetsialist Aune Visnapuu ja asjaajamisteenistuse spetsialist Sandra Õnne"	""	"Allkirjastatud"
"http://info.raad.tartu.ee/webaktid.nsf/web/gpunid/G83E96366BE6E2470C22580300019FEC5?OpenDocument"	"http://info.raad.tartu.ee/webaktid.nsf/web/gpunid/G823165F8A82B1D3CC225802D00233A1F?OpenDocument"	"10"	"Istungi protokoll"	"Tartu Linnavalitsus"	"13.09.2016"	"69"	"Raekoda, istungite ruum"	"08:30 - 09:15"	"Valvo Semilarski"	"Sandra Õnne"	"abilinnapead Jarno Laur, Valvo Semilarski (linnapea ülesannetes), Artjom Suvorov, Tiia Teppan ja Jaan Õunapuu ning vanemjurist Marili Jõesuu linnasekretäri ülesannetes"	"linnapea Urmas Klaas ja linnasekretär Jüri Mölder"	"linnaplaneerimise ja maakorralduse osakonna juhataja Urmas Ahven, sisekontrolliteenistuse juhataja – linna sisekontrolör Raivo Bachmann, ettevõtluse osakonna juhataja Malle Blumenau, linnamajanduse osakonna juhataja Rein Haak, linnavarade osakonna juhataja Kunnar Jürgenson, sotsiaal- ja tervishoiuosakonna juhataja Sirje Kree, rahandusosakonna juhataja asetäitja Tiina Ligi, kultuuriosakonna juhataja asetäitja Marianne Menning, avalike suhete osakonna juhataja Indrek Mustimets, haridusosakonna juhataja Riho Raave, arhitektuuri ja ehituse osakonna juhataja asetäitja Signe Sarik, meediaspetsialist Helle Tolmoff ja asjaajamisteenistuse spetsialist Sandra Õnne"	""	"Allkirjastatud"
"http://info.raad.tartu.ee/webaktid.nsf/web/gpunid/G084E8C484D7D4CC2C2258030001997D1?OpenDocument"	"http://info.raad.tartu.ee/webaktid.nsf/web/gpunid/G823165F8A82B1D3CC225802D00233A1F?OpenDocument"	"15"	"Istungi protokoll"	"Tartu Linnavalitsus"	"13.09.2016"	"69"	"Raekoda, istungite ruum"	"08:30 - 09:15"	"Valvo Semilarski"	"Sandra Õnne"	"abilinnapead Jarno Laur, Valvo Semilarski (linnapea ülesannetes), Artjom Suvorov, Tiia Teppan ja Jaan Õunapuu ning vanemjurist Marili Jõesuu linnasekretäri ülesannetes"	"linnapea Urmas Klaas ja linnasekretär Jüri Mölder"	"linnaplaneerimise ja maakorralduse osakonna juhataja Urmas Ahven, sisekontrolliteenistuse juhataja – linna sisekontrolör Raivo Bachmann, ettevõtluse osakonna juhataja Malle Blumenau, linnamajanduse osakonna juhataja Rein Haak, linnavarade osakonna juhataja Kunnar Jürgenson, sotsiaal- ja tervishoiuosakonna juhataja Sirje Kree, rahandusosakonna juhataja asetäitja Tiina Ligi, kultuuriosakonna juhataja asetäitja Marianne Menning, avalike suhete osakonna juhataja Indrek Mustimets, haridusosakonna juhataja Riho Raave, arhitektuuri ja ehituse osakonna juhataja asetäitja Signe Sarik, meediaspetsialist Helle Tolmoff ja asjaajamisteenistuse spetsialist Sandra Õnne"	""	"Allkirjastatud"
"http://info.raad.tartu.ee/webaktid.nsf/web/gpunid/GE2448F5B4C717BC0C2257FCE001F789C?OpenDocument"	"http://info.raad.tartu.ee/webaktid.nsf/web/gpunid/G5A0D1C3780EE666FC2257FCB002CBC8F?OpenDocument"	"28"	"Istungi protokoll"	"Tartu Linnavalitsus"	"07.06.2016"	"48"	"Raekoda, istungite ruum"	"08:30 - 10:10"	"Urmas Klaas"	"Sandra Õnne"	"linnapea Urmas Klaas, abilinnapead Jarno Laur, Valvo Semilarski, Artjom Suvorov ja Tiia Teppan ning linnasekretär Jüri Mölder"	""	"õigusteenistuse juhataja Anneli Apuhtin, linnaplaneerimise ja maakorralduse osakonna juhataja Urmas Ahven, sisekontrolliteenistuse juhataja – linna sisekontrolör Raivo Bachmann, ettevõtluse osakonna juhataja Malle Blumenau, kultuuriosakonna juhataja Katriin Fisch-Uibopuu, linnamajanduse osakonna juhataja Rein Haak, linnavarade osakonna juhataja Kunnar Jürgenson, sotsiaal- ja tervishoiuosakonna juhataja Sirje Kree, rahandusosakonna juhataja Külli Lust, avalike suhete osakonna juhataja Indrek Mustimets, haridusosakonna juhataja Riho Raave, arhitektuuri ja ehituse osakonna juhataja asetäitja Signe Sarik, Tartu Hansapäevade projektijuht Jaanus Tepomees, meediaspetsialist Helle Tolmoff ja asjaajamisteenistuse spetsialist Sandra Õnne"	""	"Allkirjastatud"
"http://info.raad.tartu.ee/webaktid.nsf/web/gpunid/G8FBD99ADB983C5F8C2257FCE001F6FE6?OpenDocument"	"http://info.raad.tartu.ee/webaktid.nsf/web/gpunid/G5A0D1C3780EE666FC2257FCB002CBC8F?OpenDocument"	"29"	"Istungi protokoll"	"Tartu Linnavalitsus"	"07.06.2016"	"48"	"Raekoda, istungite ruum"	"08:30 - 10:10"	"Urmas Klaas"	"Sandra Õnne"	"linnapea Urmas Klaas, abilinnapead Jarno Laur, Valvo Semilarski, Artjom Suvorov ja Tiia Teppan ning linnasekretär Jüri Mölder"	""	"õigusteenistuse juhataja Anneli Apuhtin, linnaplaneerimise ja maakorralduse osakonna juhataja Urmas Ahven, sisekontrolliteenistuse juhataja – linna sisekontrolör Raivo Bachmann, ettevõtluse osakonna juhataja Malle Blumenau, kultuuriosakonna juhataja Katriin Fisch-Uibopuu, linnamajanduse osakonna juhataja Rein Haak, linnavarade osakonna juhataja Kunnar Jürgenson, sotsiaal- ja tervishoiuosakonna juhataja Sirje Kree, rahandusosakonna juhataja Külli Lust, avalike suhete osakonna juhataja Indrek Mustimets, haridusosakonna juhataja Riho Raave, arhitektuuri ja ehituse osakonna juhataja asetäitja Signe Sarik, Tartu Hansapäevade projektijuht Jaanus Tepomees, meediaspetsialist Helle Tolmoff ja asjaajamisteenistuse spetsialist Sandra Õnne"	""	"Allkirjastatud"
"http://info.raad.tartu.ee/webaktid.nsf/web/gpunid/G489321FB6344C154C2257FCE001EFEC7?OpenDocument"	"http://info.raad.tartu.ee/webaktid.nsf/web/gpunid/G5A0D1C3780EE666FC2257FCB002CBC8F?OpenDocument"	"33"	"Istungi protokoll"	"Tartu Linnavalitsus"	"07.06.2016"	"48"	"Raekoda, istungite ruum"	"08:30 - 10:10"	"Urmas Klaas"	"Sandra Õnne"	"linnapea Urmas Klaas, abilinnapead Jarno Laur, Valvo Semilarski, Artjom Suvorov ja Tiia Teppan ning linnasekretär Jüri Mölder"	""	"õigusteenistuse juhataja Anneli Apuhtin, linnaplaneerimise ja maakorralduse osakonna juhataja Urmas Ahven, sisekontrolliteenistuse juhataja – linna sisekontrolör Raivo Bachmann, ettevõtluse osakonna juhataja Malle Blumenau, kultuuriosakonna juhataja Katriin Fisch-Uibopuu, linnamajanduse osakonna juhataja Rein Haak, linnavarade osakonna juhataja Kunnar Jürgenson, sotsiaal- ja tervishoiuosakonna juhataja Sirje Kree, rahandusosakonna juhataja Külli Lust, avalike suhete osakonna juhataja Indrek Mustimets, haridusosakonna juhataja Riho Raave, arhitektuuri ja ehituse osakonna juhataja asetäitja Signe Sarik, Tartu Hansapäevade projektijuht Jaanus Tepomees, meediaspetsialist Helle Tolmoff ja asjaajamisteenistuse spetsialist Sandra Õnne"	""	"Allkirjastatud"
"http://info.raad.tartu.ee/webaktid.nsf/web/gpunid/GEF17B215EE87E655C2257F96001BEB95?OpenDocument"	"http://info.raad.tartu.ee/webaktid.nsf/web/gpunid/G2DB17507DC99EC4FC2257F930036C5B6?OpenDocument"	"50"	"Istungi protokoll"	"Tartu Linnavalitsus"	"12.04.2016"	"26"	"Raekoda, istungite ruum"	"08:30 - 10:30"	"Urmas Klaas"	"Sandra Õnne"	"linnapea Urmas Klaas, abilinnapead Jarno Laur, Kajar Lember, Valvo Semilarski, Artjom Suvorov ja Tiia Teppan ning linnasekretär Jüri Mölder"	""	"linnaplaneerimise ja maakorralduse osakonna juhataja Urmas Ahven, õigusteenistuse juhataja Anneli Apuhtin, arhitektuuri ja ehituse osakonna juhataja Tõnis Arjus, sisekontrolliteenistuse juhataja – linna sisekontrolör Raivo Bachmann, ettevõtluse osakonna juhataja Malle Blumenau, linnavarade osakonna juhataja Kunnar Jürgenson, sotsiaal- ja tervishoiuosakonna juhataja Sirje Kree, OÜ Tartu Linna Polikliinik juhatuse liige Mihkel Lember, SA Tartu Sport juhataja Eve Lill, rahandusosakonna juhataja Külli Lust, OÜ Tartu Veekeskus juhataja Kairit Matto, avalike suhete osakonna juhataja Indrek Mustimets, linnamajanduse osakonna juhataja asetäitja Andres Pool, haridusosakonna juhataja Riho Raave, eluruumide teenistuse juhataja Mait Raig, meediaspetsialist Helle Tolmoff ja asjaajamisteenistuse spetsialist Sandra Õnne"	""	"Allkirjastatud"
"http://info.raad.tartu.ee/webaktid.nsf/web/gpunid/G6D37A8E5FA4E206CC2257F96001B6709?OpenDocument"	"http://info.raad.tartu.ee/webaktid.nsf/web/gpunid/G2DB17507DC99EC4FC2257F930036C5B6?OpenDocument"	"57"	"Istungi protokoll"	"Tartu Linnavalitsus"	"12.04.2016"	"26"	"Raekoda, istungite ruum"	"08:30 - 10:30"	"Urmas Klaas"	"Sandra Õnne"	"linnapea Urmas Klaas, abilinnapead Jarno Laur, Kajar Lember, Valvo Semilarski, Artjom Suvorov ja Tiia Teppan ning linnasekretär Jüri Mölder"	""	"linnaplaneerimise ja maakorralduse osakonna juhataja Urmas Ahven, õigusteenistuse juhataja Anneli Apuhtin, arhitektuuri ja ehituse osakonna juhataja Tõnis Arjus, sisekontrolliteenistuse juhataja – linna sisekontrolör Raivo Bachmann, ettevõtluse osakonna juhataja Malle Blumenau, linnavarade osakonna juhataja Kunnar Jürgenson, sotsiaal- ja tervishoiuosakonna juhataja Sirje Kree, OÜ Tartu Linna Polikliinik juhatuse liige Mihkel Lember, SA Tartu Sport juhataja Eve Lill, rahandusosakonna juhataja Külli Lust, OÜ Tartu Veekeskus juhataja Kairit Matto, avalike suhete osakonna juhataja Indrek Mustimets, linnamajanduse osakonna juhataja asetäitja Andres Pool, haridusosakonna juhataja Riho Raave, eluruumide teenistuse juhataja Mait Raig, meediaspetsialist Helle Tolmoff ja asjaajamisteenistuse spetsialist Sandra Õnne"	""	"Allkirjastatud"
"http://info.raad.tartu.ee/webaktid.nsf/web/gpunid/G93C25781FAEDF212C2257F7A00233B84?OpenDocument"	"http://info.raad.tartu.ee/webaktid.nsf/web/gpunid/GA7173A40B5EA1C1EC2257F7700340054?OpenDocument"	"66"	"Istungi protokoll"	"Tartu Linnavalitsus"	"15.03.2016"	"19"	"Raekoda, istungite ruum"	"08:30 - 10:15"	"Valvo Semilarski"	"Reet Saks"	"abilinnapead Jarno Laur, Kajar Lember, Valvo Semilarski (linnapea ülesannetes), Artjom Suvorov ja Tiia Teppan ning õigusteenistuse juhataja Anneli Apuhtin linnasekretäri ülesannetes"	"linnapea Urmas Klaas ja linnasekretär Jüri Mölder"	"linnaplaneerimise ja maakorralduse osakonna juhataja Urmas Ahven, õigusteenistuse juhataja Anneli Apuhtin, arhitektuuri ja ehituse osakonna juhataja Tõnis Arjus, sisekontrolliteenistuse juhataja-linna sisekontrolör Raivo Bachmann, ettevõtluse osakonna juhataja Malle Blumenau, linnamajanduse osakonna juhataja Rein Haak, linnavarade osakonna juhataja Kunnar Jürgenson, sotsiaal- ja tervishoiuosakonna juhataja Sirje Kree, rahandusosakonna juhataja Külli Lust, kultuuriosakonna juhataja asetäitja Marianne Menning, avalike suhete osakonna juhataja Indrek Mustimets, SA Tartu Eluasemefond juhataja Andres Püss, inseneriteenistuse juhataja-linnainsener Mati Raamat, haridusosakonna juhataja Riho Raave, üldplaneeringu- ja arenguteenistuse juhataja Indrek Ranniku, meediaspetsialist Helle Tolmoff ja asjaajamisteenistuse juhataja Reet Saks"	""	"Allkirjastatud"
"http://info.raad.tartu.ee/webaktid.nsf/web/gpunid/G43B19E86BB3F2941C2257F7A00232ADF?OpenDocument"	"http://info.raad.tartu.ee/webaktid.nsf/web/gpunid/GA7173A40B5EA1C1EC2257F7700340054?OpenDocument"	"68"	"Istungi protokoll"	"Tartu Linnavalitsus"	"15.03.2016"	"19"	"Raekoda, istungite ruum"	"08:30 - 10:15"	"Valvo Semilarski"	"Reet Saks"	"abilinnapead Jarno Laur, Kajar Lember, Valvo Semilarski (linnapea ülesannetes), Artjom Suvorov ja Tiia Teppan ning õigusteenistuse juhataja Anneli Apuhtin linnasekretäri ülesannetes"	"linnapea Urmas Klaas ja linnasekretär Jüri Mölder"	"linnaplaneerimise ja maakorralduse osakonna juhataja Urmas Ahven, õigusteenistuse juhataja Anneli Apuhtin, arhitektuuri ja ehituse osakonna juhataja Tõnis Arjus, sisekontrolliteenistuse juhataja-linna sisekontrolör Raivo Bachmann, ettevõtluse osakonna juhataja Malle Blumenau, linnamajanduse osakonna juhataja Rein Haak, linnavarade osakonna juhataja Kunnar Jürgenson, sotsiaal- ja tervishoiuosakonna juhataja Sirje Kree, rahandusosakonna juhataja Külli Lust, kultuuriosakonna juhataja asetäitja Marianne Menning, avalike suhete osakonna juhataja Indrek Mustimets, SA Tartu Eluasemefond juhataja Andres Püss, inseneriteenistuse juhataja-linnainsener Mati Raamat, haridusosakonna juhataja Riho Raave, üldplaneeringu- ja arenguteenistuse juhataja Indrek Ranniku, meediaspetsialist Helle Tolmoff ja asjaajamisteenistuse juhataja Reet Saks"	""	"Allkirjastatud"
"http://info.raad.tartu.ee/webaktid.nsf/web/gpunid/GC2257ED20030C63DC2257F5E0024BC0C?OpenDocument"	"http://info.raad.tartu.ee/webaktid.nsf/web/gpunid/G7135184A4797C19BC2257F4C0034E353?OpenDocument"	"70"	"Istungi protokoll"	"Tartu Linnavalitsus"	"01.02.2016"	"8"	"Raekoda, istungite ruum"	"10:00 - 10:45"	"Urmas Klaas"	"Sandra Õnne"	"linnapea Urmas Klaas, abilinnapead Jarno Laur, Kajar Lember, Valvo Semilarski, Artjom Suvorov ja Tiia Teppan ning õigusteenistuse juhataja Anneli Apuhtin linnasekretäri ülesannetes"	"linnasekretär Jüri Mölder"	"linnaplaneerimise ja maakorralduse osakonna juhataja Urmas Ahven, arhitektuuri ja ehituse osakonna juhataja Tõnis Arjus, sisekontrolliteenistuse juhataja – linna sisekontrolör Raivo Bachmann, ettevõtluse osakonna juhataja Malle Blumenau, kultuuriosakonna juhataja Katriin Fisch-Uibopuu, linnamajanduse osakonna juhataja Rein Haak, sotsiaal- ja tervishoiuosakonna juhataja Sirje Kree, rahandusosakonna juhataja Külli Lust, linnavarade osakonna juhataja asetäitja Eva Lääne, avalike suhete osakonna juhataja Indrek Mustimets, sotsiaaltööteenistuse peaspetsialist Marika Paris, haridusosakonna juhataja Riho Raave, linnavolikogu esimees Vladimir Šokman, meediaspetsialist Helle Tolmoff ja asjaajamisteenistuse spetsialist Sandra Õnne"	""	"Allkirjastatud"
"http://info.raad.tartu.ee/webaktid.nsf/web/gpunid/GE29125270E94F23CC2257F5E0024451C?OpenDocument"	"http://info.raad.tartu.ee/webaktid.nsf/web/gpunid/GB497010C42CAC13BC2257F5D0034F52A?OpenDocument"	"78"	"Istungi protokoll"	"Tartu Linnavalitsus"	"18.02.2016"	"15"	"Elektrooniline istung"	"11:00"	"Urmas Klaas"	"Jüri Mölder"	"linnapea Urmas Klaas, abilinnapead Jarno Laur, Kajar Lember, Valvo Semilarski, Artjom Suvorov, Tiia Teppan ja linnasekretär Jüri Mölder"	""	""	""	"Allkirjastatud"
"http://info.raad.tartu.ee/webaktid.nsf/web/gpunid/GD0575D72818E6DE9C2257F5E00243C42?OpenDocument"	"http://info.raad.tartu.ee/webaktid.nsf/web/gpunid/G103FF518701B9660C2257F56004D1DB7?OpenDocument"	"79"	"Istungi protokoll"	"Tartu Linnavalitsus"	"11.02.2016"	"12"	"Raekoda"	"09:00 - 09:05"	"Urmas Klaas"	"Jüri Mölder"	"linnapea Urmas Klaas, abilinnapead Jarno Laur, Kajar Lember, Valvo Semilarski ja linnasekretär Jüri Mölder"	"abilinnapead Artjom Suvorov, Tiia Teppan"	""	""	"Allkirjastatud"
"http://info.raad.tartu.ee/webaktid.nsf/web/gpunid/G5D15362A7C7F70ECC2257F42002373D4?OpenDocument"	"http://info.raad.tartu.ee/webaktid.nsf/web/gpunid/GE23F93210F2B6661C2257F3F0032B55E?OpenDocument"	"85"	"Istungi protokoll"	"Tartu Linnavalitsus"	"19.01.2016"	"5"	"Raekoda, istungite ruum"	"08:30 - 10:00"	"Urmas Klaas"	"Sandra Õnne"	"linnapea Urmas Klaas, abilinnapead Jarno Laur, Kajar Lember, Valvo Semilarski, Artjom Suvorov ja Tiia Teppan ning linnasekretär Jüri Mölder"	""	"linnaplaneerimise ja maakorralduse osakonna juhataja Urmas Ahven, õigusteenistuse juhataja Anneli Apuhtin, arhitektuuri ja ehituse osakonna juhataja Tõnis Arjus, sisekontrolliteenistuse juhataja – linna sisekontrolör Raivo Bachmann, ettevõtluse osakonna juhataja Malle Blumenau, kultuuriosakonna juhataja Katriin Fisch-Uibopuu, linnamajanduse osakonna juhataja Rein Haak, linnavarade osakonna juhataja Kunnar Jürgenson, sotsiaal- ja tervishoiuosakonna juhataja Sirje Kree, rahandusosakonna juhataja Külli Lust, avalike suhete osakonna juhataja Indrek Mustimets, haridusosakonna juhataja Riho Raave, üldplaneeringu- ja arenguteenistuse juhataja Indrek Ranniku, linnavolikogu esimees Vladimir Šokman, meediaspetsialist Helle Tolmoff ja asjaajamisteenistuse spetsialist Sandra Õnne"	""	"Allkirjastatud"
"http://info.raad.tartu.ee/webaktid.nsf/web/gpunid/G952B504BB0B04EFAC2257F4200236B8A?OpenDocument"	"http://info.raad.tartu.ee/webaktid.nsf/web/gpunid/GE23F93210F2B6661C2257F3F0032B55E?OpenDocument"	"86"	"Istungi protokoll"	"Tartu Linnavalitsus"	"19.01.2016"	"5"	"Raekoda, istungite ruum"	"08:30 - 10:00"	"Urmas Klaas"	"Sandra Õnne"	"linnapea Urmas Klaas, abilinnapead Jarno Laur, Kajar Lember, Valvo Semilarski, Artjom Suvorov ja Tiia Teppan ning linnasekretär Jüri Mölder"	""	"linnaplaneerimise ja maakorralduse osakonna juhataja Urmas Ahven, õigusteenistuse juhataja Anneli Apuhtin, arhitektuuri ja ehituse osakonna juhataja Tõnis Arjus, sisekontrolliteenistuse juhataja – linna sisekontrolör Raivo Bachmann, ettevõtluse osakonna juhataja Malle Blumenau, kultuuriosakonna juhataja Katriin Fisch-Uibopuu, linnamajanduse osakonna juhataja Rein Haak, linnavarade osakonna juhataja Kunnar Jürgenson, sotsiaal- ja tervishoiuosakonna juhataja Sirje Kree, rahandusosakonna juhataja Külli Lust, avalike suhete osakonna juhataja Indrek Mustimets, haridusosakonna juhataja Riho Raave, üldplaneeringu- ja arenguteenistuse juhataja Indrek Ranniku, linnavolikogu esimees Vladimir Šokman, meediaspetsialist Helle Tolmoff ja asjaajamisteenistuse spetsialist Sandra Õnne"	""	"Allkirjastatud"
"http://info.raad.tartu.ee/webaktid.nsf/web/gpunid/GC2257ED20030C63DC2257F1F0022230F?OpenDocument"	"http://info.raad.tartu.ee/webaktid.nsf/web/gpunid/GFD5B35B4B3493290C2257F1C003564FE?OpenDocument"	"92"	"Istungi protokoll"	"Tartu Linnavalitsus"	"15.12.2015"	"89"	"Raekoda, istungite ruum"	"08:30 - 10:00"	"Urmas Klaas"	"Sandra Õnne"	"linnapea Urmas Klaas, abilinnapead Jarno Laur, Kajar Lember, Valvo Semilarski, Artjom Suvorov ja Tiia Teppan ning linnasekretär Jüri Mölder"	""	"linnaplaneerimise ja maakorralduse osakonna juhataja Urmas Ahven, õigusteenistuse juhataja Anneli Apuhtin, arhitektuuri- ja ehituse osakonna juhataja Tõnis Arjus, sisekontrolliteenistuse juhataja – linna sisekontrolör Raivo Bachmann, ettevõtluse osakonna juhataja Malle Blumenau, kultuuriosakonna juhataja Katriin Fisch-Uibopuu, sotsiaalabi osakonna juhataja Meida Griin, linnamajanduse osakonna juhataja Rein Haak, linnavarade osakonna juhataja Kunnar Jürgenson, tervishoiuosakonna juhataja Sirje Kree, SA Tartu Sport juhatuse liige Eve Lill, rahandusosakonna juhataja Külli Lust, avalike suhete osakonna juhataja Indrek Mustimets, haridusosakonna juhataja Riho Raave, linnavolikogu esimees Vladimir Šokman, meediaspetsialist Helle Tolmoff ja asjaajamisteenistuse spetsialist Sandra Õnne"	""	"Allkirjastatud"
"http://info.raad.tartu.ee/webaktid.nsf/web/gpunid/GC2257ED20030C63DC2257F110021F286?OpenDocument"	"http://info.raad.tartu.ee/webaktid.nsf/web/gpunid/GA51FF39DA1380E88C2257F0D002DBE46?OpenDocument"	"96"	"Istungi protokoll"	"Tartu Linnavalitsus"	"30.11.2015"	"84"	"Raekoda, istungite ruum"	"09:15 - 09:30"	"Urmas Klaas"	"Jüri Mölder"	"linnapea Urmas Klaas, Abilinnapead Jarno Laur, Kajar Lember, Valvo Semilarski, Artjom Suvorov ja linnasekretär Jüri Mölder"	"abilinnapea Tiia Teppan"	"linnakantselei õigusteenistuse juhataja Anneli Apuhtin, sisekontrolliteenistuse juhataja Raivo Bachmann"	""	"Allkirjastatud"
"http://info.raad.tartu.ee/webaktid.nsf/web/gpunid/GC2257ED20030C63DC2257EFC0020D33D?OpenDocument"	"http://info.raad.tartu.ee/webaktid.nsf/web/gpunid/G175E78F113185C32C2257EEB0039CE73?OpenDocument"	"105"	"Istungi protokoll"	"Tartu Linnavalitsus"	"27.10.2015"	"72"	"Raekoda, istungite ruum"	"08:30 - 09:20"	"Urmas Klaas"	"Sandra Õnne"	"linnapea Urmas Klaas, abilinnapead Jarno Laur, Kajar Lember, Valvo Semilarski, Artjom Suvorov ja Tiia Teppan ning linnasekretär Jüri Mölder"	""	"linnaplaneerimise ja maakorralduse osakonna juhataja Urmas Ahven, arhitektuuri- ja ehituse osakonna juhataja Tõnis Arjus, sisekontrolliteenistuse juhataja – linna sisekontrolör Raivo Bachmann, ettevõtluse osakonna juhataja Malle Blumenau, sotsiaalabi osakonna juhataja Meida Griin, linnamajanduse osakonna juhataja Rein Haak, tervishoiuosakonna juhataja Sirje Kree, rahandusosakonna juhataja Külli Lust, kultuuriosakonna juhataja asetäitja Marianne Menning, haridusosakonna juhataja Riho Raave, linnavarade osakonna juhataja asetäitja Mait Raig, meediaspetsialist Helle Tolmoff ja asjaajamisteenistuse spetsialist Sandra Õnne"	""	"Allkirjastatud"
"http://info.raad.tartu.ee/webaktid.nsf/web/gpunid/GC2257ED20030C63DC2257EFC0020CA3F?OpenDocument"	"http://info.raad.tartu.ee/webaktid.nsf/web/gpunid/G9AA2B3FD9BF28849C2257EF80027C3D6?OpenDocument"	"106"	"Istungi protokoll"	"Tartu Linnavalitsus"	"09.11.2015"	"76"	"Raekoda, istungite ruum"	"09:15 - 09:25"	"Urmas Klaas"	"Jüri Mölder"	"linnapea Urmas Klaas, abilinnapead Jarno Laur, Kajar Lember, Valvo Semilarski, Artjom Suvorov, Tiia Teppan ja linnasekretär Jüri Mölder"	""	"linnakantselei õigusteenistuse juhataja Anneli Apuhtin, sisekontrolliteenistuse juhataja Raivo Bachmann"	""	"Allkirjastatud"
"http://info.raad.tartu.ee/webaktid.nsf/web/gpunid/GC2257ED20030C63DC2257EFC0020B525?OpenDocument"	"http://info.raad.tartu.ee/webaktid.nsf/web/gpunid/G9AA2B3FD9BF28849C2257EF80027C3D6?OpenDocument"	"108"	"Istungi protokoll"	"Tartu Linnavalitsus"	"09.11.2015"	"76"	"Raekoda, istungite ruum"	"09:15 - 09:25"	"Urmas Klaas"	"Jüri Mölder"	"linnapea Urmas Klaas, abilinnapead Jarno Laur, Kajar Lember, Valvo Semilarski, Artjom Suvorov, Tiia Teppan ja linnasekretär Jüri Mölder"	""	"linnakantselei õigusteenistuse juhataja Anneli Apuhtin, sisekontrolliteenistuse juhataja Raivo Bachmann"	""	"Allkirjastatud"
"http://info.raad.tartu.ee/webaktid.nsf/web/gpunid/GC2257ED20030C63DC2257E70001D50E2?OpenDocument"	"http://info.raad.tartu.ee/webaktid.nsf/web/gpunid/GBCD7C0A3734F3679C2257E6C0036DE68?OpenDocument"	"136"	"Istungi protokoll"	"Tartu Linnavalitsus"	"22.06.2015"	"45"	"Raekoda, istungite ruum"	"10:00 - 11:10"	"Urmas Klaas"	"Reet Saks"	"linnapea Urmas Klaas, abilinnapead Jarno Laur, Kajar Lember, Valvo Semilarski, Artjom Suvorov ja Tiia Teppan ning linnasekretär Jüri Mölder"	""	"linnaplaneerimise ja maakorralduse osakonna juhataja Urmas Ahven, ettevõtluse osakonna juhataja Malle Blumenau, linnamajanduse osakonna juhataja Rein Haak, linnavarade osakonna juhataja Kunnar Jürgenson, tervishoiuosakonna juhataja Sirje Kree, sotsiaalabi osakonna juhataja asetäitja Tiina Kruuse, rahandusosakonna juhataja Külli Lust, kultuuriosakonna juhataja asetäitja Marianne Menning, avalike suhete osakonna juhataja Indrek Mustimets, Tiigi Seltsimaja projektijuht Aile Parmsoo, haridusosakonna juhataja Riho Raave, asjaajamisteenistuse juhataja Reet Saks, arhitektuuri ja ehituse osakonna juhataja asetäitja Signe Sarik, linnavolikogu esimees Vladimir Šokman, meediaspetsialist Helle Tolmoff"	""	"Allkirjastatud"
"http://info.raad.tartu.ee/webaktid.nsf/web/gpunid/GC2257ED20030C63DC2257E70001D3712?OpenDocument"	"http://info.raad.tartu.ee/webaktid.nsf/web/gpunid/GBCD7C0A3734F3679C2257E6C0036DE68?OpenDocument"	"139"	"Istungi protokoll"	"Tartu Linnavalitsus"	"22.06.2015"	"45"	"Raekoda, istungite ruum"	"10:00 - 11:10"	"Urmas Klaas"	"Reet Saks"	"linnapea Urmas Klaas, abilinnapead Jarno Laur, Kajar Lember, Valvo Semilarski, Artjom Suvorov ja Tiia Teppan ning linnasekretär Jüri Mölder"	""	"linnaplaneerimise ja maakorralduse osakonna juhataja Urmas Ahven, ettevõtluse osakonna juhataja Malle Blumenau, linnamajanduse osakonna juhataja Rein Haak, linnavarade osakonna juhataja Kunnar Jürgenson, tervishoiuosakonna juhataja Sirje Kree, sotsiaalabi osakonna juhataja asetäitja Tiina Kruuse, rahandusosakonna juhataja Külli Lust, kultuuriosakonna juhataja asetäitja Marianne Menning, avalike suhete osakonna juhataja Indrek Mustimets, Tiigi Seltsimaja projektijuht Aile Parmsoo, haridusosakonna juhataja Riho Raave, asjaajamisteenistuse juhataja Reet Saks, arhitektuuri ja ehituse osakonna juhataja asetäitja Signe Sarik, linnavolikogu esimees Vladimir Šokman, meediaspetsialist Helle Tolmoff"	""	"Allkirjastatud"
"http://info.raad.tartu.ee/webaktid.nsf/web/gpunid/GC2257ED20030C63DC2257E70001CFF49?OpenDocument"	"http://info.raad.tartu.ee/webaktid.nsf/web/gpunid/G1B07662C5965D42DC2257E5B00383901?OpenDocument"	"145"	"Istungi protokoll"	"Tartu Linnavalitsus"	"05.06.2015"	"42"	"Raekoda, istungite ruum"	"09:30 - 10:15"	"Urmas Klaas"	"Sandra Õnne"	"linnapea Urmas Klaas, abilinnapead Jarno Laur, Kajar Lember ja Artjom Suvorov (osales elektrooniliselt) ning õigusteenistuse juhataja Anneli Apuhtin linnasekretäri ülesannetes"	"abilinnapead Valvo Semilarski ja Tiia Teppan ning linnasekretär Jüri Mölder"	"linnaplaneerimise ja maakorralduse osakonna juhataja Urmas Ahven, linnamajanduse osakonna juhataja Rein Haak, linnavolikogu esimees Vladimir Šokman, meediaspetsialist Helle Tolmoff ja asjaajamisteenistuse spetsialist Sandra Õnne"	""	"Allkirjastatud"
"http://info.raad.tartu.ee/webaktid.nsf/web/gpunid/GC2257ED20030C63DC2257E4D001DF9C1?OpenDocument"	"http://info.raad.tartu.ee/webaktid.nsf/web/gpunid/GA748AC6F2313CCA4C2257E4A00281362?OpenDocument"	"156"	"Istungi protokoll"	"Tartu Linnavalitsus"	"19.05.2015"	"36"	"Raekoda, istungite ruum"	"08:30 - 10:00"	"Valvo Semilarski"	"Sandra Õnne"	"abilinnapead Jarno Laur, Kajar Lember, Valvo Semilarski (linnapea ülesannetes), Artjom Suvorov ja Tiia Teppan ning linnasekretär Jüri Mölder (ei osalenud päevakorrapunkti nr 11 arutamisel)"	"linnapea Urmas Klaas"	"linnaplaneerimise ja maakorralduse osakonna juhataja Urmas Ahven, õigusteenistuse juhataja Anneli Apuhtin, arhitektuuri ja ehituse osakonna juhataja Tõnis Arjus, sisekontrolliteenistuse juhataja – linna sisekontrolör Raivo Bachmann, ettevõtluse osakonna juhataja Malle Blumenau, kultuuriosakonna juhataja Katriin Fisch-Uibopuu, sotsiaalabi osakonna juhataja Meida Griin, linnamajanduse osakonna juhataja Rein Haak, linnavarade osakonna juhataja Kunnar Jürgenson, tervishoiuosakonna juhataja Sirje Kree, rahandusosakonna juhataja Külli Lust, avalike suhete osakonna juhataja Indrek Mustimets, haridusosakonna juhataja Riho Raave, SA Tartu Keskkonnahariduse Keskus juhataja Janika Ruusmaa, linnavolikogu esimees Vladimir Šokman, meediaspetsialist Helle Tolmoff ja asjaajamisteenistuse spetsialist Sandra Õnne"	""	"Allkirjastatud"
"http://info.raad.tartu.ee/webaktid.nsf/web/gpunid/GC2257ED20030C63DC2257E4D001DDFA5?OpenDocument"	"http://info.raad.tartu.ee/webaktid.nsf/web/gpunid/G3DBB81EDE43B340CC2257E3E002ECA5B?OpenDocument"	"157"	"Istungi protokoll"	"Tartu Linnavalitsus"	"07.05.2015"	"34"	"Raekoda, istungite ruum"	"10:00 - 11:00"	"Urmas Klaas"	"Sandra Õnne"	"linnapea Urmas Klaas, abilinnapead Kajar Lember, Valvo Semilarski ja Tiia Teppan ning õigusteenistuse juhataja Anneli Apuhtin linnasekretäri ülesannetes"	"abilinnapead Jarno Laur ja Artjom Suvorov ning linnasekretär Jüri Mölder"	"sisekontrolliteenistuse juhataja - linna sisekontrolör Raivo Bachmann, rahandusosakonna juhataja Külli Lust ja linnavolikogu esimees Vladimir Šokman"	""	"Allkirjastatud"
"http://info.raad.tartu.ee/webaktid.nsf/web/gpunid/GC2257ED20030C63DC2257E4D001DD4CB?OpenDocument"	"http://info.raad.tartu.ee/webaktid.nsf/web/gpunid/GA748AC6F2313CCA4C2257E4A00281362?OpenDocument"	"158"	"Istungi protokoll"	"Tartu Linnavalitsus"	"19.05.2015"	"36"	"Raekoda, istungite ruum"	"08:30 - 10:00"	"Valvo Semilarski"	"Sandra Õnne"	"abilinnapead Jarno Laur, Kajar Lember, Valvo Semilarski (linnapea ülesannetes), Artjom Suvorov ja Tiia Teppan ning linnasekretär Jüri Mölder (ei osalenud päevakorrapunkti nr 11 arutamisel)"	"linnapea Urmas Klaas"	"linnaplaneerimise ja maakorralduse osakonna juhataja Urmas Ahven, õigusteenistuse juhataja Anneli Apuhtin, arhitektuuri ja ehituse osakonna juhataja Tõnis Arjus, sisekontrolliteenistuse juhataja – linna sisekontrolör Raivo Bachmann, ettevõtluse osakonna juhataja Malle Blumenau, kultuuriosakonna juhataja Katriin Fisch-Uibopuu, sotsiaalabi osakonna juhataja Meida Griin, linnamajanduse osakonna juhataja Rein Haak, linnavarade osakonna juhataja Kunnar Jürgenson, tervishoiuosakonna juhataja Sirje Kree, rahandusosakonna juhataja Külli Lust, avalike suhete osakonna juhataja Indrek Mustimets, haridusosakonna juhataja Riho Raave, SA Tartu Keskkonnahariduse Keskus juhataja Janika Ruusmaa, linnavolikogu esimees Vladimir Šokman, meediaspetsialist Helle Tolmoff ja asjaajamisteenistuse spetsialist Sandra Õnne"	""	"Allkirjastatud"
"http://info.raad.tartu.ee/webaktid.nsf/web/gpunid/GC2257ED20030C63DC2257E4D001DC54D?OpenDocument"	"http://info.raad.tartu.ee/webaktid.nsf/web/gpunid/GA748AC6F2313CCA4C2257E4A00281362?OpenDocument"	"159"	"Istungi protokoll"	"Tartu Linnavalitsus"	"19.05.2015"	"36"	"Raekoda, istungite ruum"	"08:30 - 10:00"	"Valvo Semilarski"	"Sandra Õnne"	"abilinnapead Jarno Laur, Kajar Lember, Valvo Semilarski (linnapea ülesannetes), Artjom Suvorov ja Tiia Teppan ning linnasekretär Jüri Mölder (ei osalenud päevakorrapunkti nr 11 arutamisel)"	"linnapea Urmas Klaas"	"linnaplaneerimise ja maakorralduse osakonna juhataja Urmas Ahven, õigusteenistuse juhataja Anneli Apuhtin, arhitektuuri ja ehituse osakonna juhataja Tõnis Arjus, sisekontrolliteenistuse juhataja – linna sisekontrolör Raivo Bachmann, ettevõtluse osakonna juhataja Malle Blumenau, kultuuriosakonna juhataja Katriin Fisch-Uibopuu, sotsiaalabi osakonna juhataja Meida Griin, linnamajanduse osakonna juhataja Rein Haak, linnavarade osakonna juhataja Kunnar Jürgenson, tervishoiuosakonna juhataja Sirje Kree, rahandusosakonna juhataja Külli Lust, avalike suhete osakonna juhataja Indrek Mustimets, haridusosakonna juhataja Riho Raave, SA Tartu Keskkonnahariduse Keskus juhataja Janika Ruusmaa, linnavolikogu esimees Vladimir Šokman, meediaspetsialist Helle Tolmoff ja asjaajamisteenistuse spetsialist Sandra Õnne"	""	"Allkirjastatud"
"http://info.raad.tartu.ee/webaktid.nsf/web/gpunid/GC2257ED20030C63DC2257E4D001DBBC8?OpenDocument"	"http://info.raad.tartu.ee/webaktid.nsf/web/gpunid/GA748AC6F2313CCA4C2257E4A00281362?OpenDocument"	"160"	"Istungi protokoll"	"Tartu Linnavalitsus"	"19.05.2015"	"36"	"Raekoda, istungite ruum"	"08:30 - 10:00"	"Valvo Semilarski"	"Sandra Õnne"	"abilinnapead Jarno Laur, Kajar Lember, Valvo Semilarski (linnapea ülesannetes), Artjom Suvorov ja Tiia Teppan ning linnasekretär Jüri Mölder (ei osalenud päevakorrapunkti nr 11 arutamisel)"	"linnapea Urmas Klaas"	"linnaplaneerimise ja maakorralduse osakonna juhataja Urmas Ahven, õigusteenistuse juhataja Anneli Apuhtin, arhitektuuri ja ehituse osakonna juhataja Tõnis Arjus, sisekontrolliteenistuse juhataja – linna sisekontrolör Raivo Bachmann, ettevõtluse osakonna juhataja Malle Blumenau, kultuuriosakonna juhataja Katriin Fisch-Uibopuu, sotsiaalabi osakonna juhataja Meida Griin, linnamajanduse osakonna juhataja Rein Haak, linnavarade osakonna juhataja Kunnar Jürgenson, tervishoiuosakonna juhataja Sirje Kree, rahandusosakonna juhataja Külli Lust, avalike suhete osakonna juhataja Indrek Mustimets, haridusosakonna juhataja Riho Raave, SA Tartu Keskkonnahariduse Keskus juhataja Janika Ruusmaa, linnavolikogu esimees Vladimir Šokman, meediaspetsialist Helle Tolmoff ja asjaajamisteenistuse spetsialist Sandra Õnne"	""	"Allkirjastatud"
"http://info.raad.tartu.ee/webaktid.nsf/web/gpunid/GC2257ED20030C63DC2257E4D001DB099?OpenDocument"	"http://info.raad.tartu.ee/webaktid.nsf/web/gpunid/GA748AC6F2313CCA4C2257E4A00281362?OpenDocument"	"161"	"Istungi protokoll"	"Tartu Linnavalitsus"	"19.05.2015"	"36"	"Raekoda, istungite ruum"	"08:30 - 10:00"	"Valvo Semilarski"	"Sandra Õnne"	"abilinnapead Jarno Laur, Kajar Lember, Valvo Semilarski (linnapea ülesannetes), Artjom Suvorov ja Tiia Teppan ning linnasekretär Jüri Mölder (ei osalenud päevakorrapunkti nr 11 arutamisel)"	"linnapea Urmas Klaas"	"linnaplaneerimise ja maakorralduse osakonna juhataja Urmas Ahven, õigusteenistuse juhataja Anneli Apuhtin, arhitektuuri ja ehituse osakonna juhataja Tõnis Arjus, sisekontrolliteenistuse juhataja – linna sisekontrolör Raivo Bachmann, ettevõtluse osakonna juhataja Malle Blumenau, kultuuriosakonna juhataja Katriin Fisch-Uibopuu, sotsiaalabi osakonna juhataja Meida Griin, linnamajanduse osakonna juhataja Rein Haak, linnavarade osakonna juhataja Kunnar Jürgenson, tervishoiuosakonna juhataja Sirje Kree, rahandusosakonna juhataja Külli Lust, avalike suhete osakonna juhataja Indrek Mustimets, haridusosakonna juhataja Riho Raave, SA Tartu Keskkonnahariduse Keskus juhataja Janika Ruusmaa, linnavolikogu esimees Vladimir Šokman, meediaspetsialist Helle Tolmoff ja asjaajamisteenistuse spetsialist Sandra Õnne"	""	"Allkirjastatud"
"http://info.raad.tartu.ee/webaktid.nsf/web/gpunid/GC2257ED20030C63DC2257E4D001DA53F?OpenDocument"	"http://info.raad.tartu.ee/webaktid.nsf/web/gpunid/GA748AC6F2313CCA4C2257E4A00281362?OpenDocument"	"162"	"Istungi protokoll"	"Tartu Linnavalitsus"	"19.05.2015"	"36"	"Raekoda, istungite ruum"	"08:30 - 10:00"	"Valvo Semilarski"	"Sandra Õnne"	"abilinnapead Jarno Laur, Kajar Lember, Valvo Semilarski (linnapea ülesannetes), Artjom Suvorov ja Tiia Teppan ning linnasekretär Jüri Mölder (ei osalenud päevakorrapunkti nr 11 arutamisel)"	"linnapea Urmas Klaas"	"linnaplaneerimise ja maakorralduse osakonna juhataja Urmas Ahven, õigusteenistuse juhataja Anneli Apuhtin, arhitektuuri ja ehituse osakonna juhataja Tõnis Arjus, sisekontrolliteenistuse juhataja – linna sisekontrolör Raivo Bachmann, ettevõtluse osakonna juhataja Malle Blumenau, kultuuriosakonna juhataja Katriin Fisch-Uibopuu, sotsiaalabi osakonna juhataja Meida Griin, linnamajanduse osakonna juhataja Rein Haak, linnavarade osakonna juhataja Kunnar Jürgenson, tervishoiuosakonna juhataja Sirje Kree, rahandusosakonna juhataja Külli Lust, avalike suhete osakonna juhataja Indrek Mustimets, haridusosakonna juhataja Riho Raave, SA Tartu Keskkonnahariduse Keskus juhataja Janika Ruusmaa, linnavolikogu esimees Vladimir Šokman, meediaspetsialist Helle Tolmoff ja asjaajamisteenistuse spetsialist Sandra Õnne"	""	"Allkirjastatud"
"http://info.raad.tartu.ee/webaktid.nsf/web/gpunid/GC2257ED20030C63DC2257E2A001FAA3C?OpenDocument"	"http://info.raad.tartu.ee/webaktid.nsf/web/gpunid/GAB60EE46E39C136BC2257E270029C2B9?OpenDocument"	"168"	"Istungi protokoll"	"Tartu Linnavalitsus"	"14.04.2015"	"29"	"Raekoda, istungite ruum"	"08:30 - 10:00"	"Urmas Klaas"	"Sandra Õnne"	"linnapea Urmas Klaas, abilinnapead Jarno Laur, Kajar Lember, Valvo Semilarski, Vladimir Šokman ja Tiia Teppan ning õigusteenistuse juhataja Anneli Apuhtin linnasekretäri ülesannetes"	"linnasekretär Jüri Mölder"	"linnaplaneerimise ja maakorralduse osakonna juhataja Urmas Ahven, ettevõtluse osakonna juhataja Malle Blumenau, kultuuriosakonna juhataja Katriin Fisch-Uibopuu, linnamajanduse osakonna juhataja Rein Haak, AS Tartu Veevärk juhataja Toomas Kapp, tervishoiuosakonna juhataja Sirje Kree, sotsiaalabi osakonna juhataja asetäitja Tiina Kruuse, SA Tartu Sport juhatuse liige Eve Lill, teabeteenistuse juhataja Lilian Lukka, rahandusosakonna juhataja Külli Lust, avalike suhete osakonna juhataja Indrek Mustimets, SA Tartu Perekodu Käopesa juhataja Sirli Peterson, haridusosakonna juhataja Riho Raave, linnavarade osakonna juhataja asetäitja Mait Raig, arhitektuuri ja ehituse osakonna juhataja asetäitja Signe Sarik, meediaspetsialist Helle Tolmoff ja asjaajamisteenistuse spetsialist Sandra Õnne"	""	"Allkirjastatud"
"http://info.raad.tartu.ee/webaktid.nsf/web/gpunid/GC2257ED20030C63DC2257E0E00238A9B?OpenDocument"	"http://info.raad.tartu.ee/webaktid.nsf/web/gpunid/GC9E371B0CE7C7E16C2257E0B002FF091?OpenDocument"	"182"	"Istungi protokoll"	"Tartu Linnavalitsus"	"17.03.2015"	"20"	"Raekoda, istungite ruum"	"08:30 - 10:40"	"Urmas Klaas"	"Sandra Õnne"	"linnapea Urmas Klaas, abilinnapead Jarno Laur, Valvo Semilarski (osales elektrooniliselt) ja Vladimir Šokman ning linnasekretär Jüri Mölder"	"abilinnapead Kajar Lember ja Tiia Teppan"	"linnaplaneerimise ja maakorralduse osakonna juhataja Urmas Ahven, arhitektuuri ja ehituse osakonna juhataja – linnaarhitekt Tõnis Arjus, sisekontrolliteenistuse juhataja – linna sisekontrolör Raivo Bachmann, ettevõtluse osakonna juhataja Malle Blumenau, kultuuriosakonna juhataja Katriin Fisch-Uibopuu, linnamajanduse osakonna juhataja Rein Haak, linnavarade osakonna juhataja Kunnar Jürgenson, tervishoiuosakonna juhataja Sirje Kree, sotsiaalabi osakonna juhataja asetäitja Tiina Kruuse, rahandusosakonna juhataja Külli Lust, linnavolikogu esimees Aadu Must, haridusosakonna juhataja Riho Raave, üldplaneeringu- ja arenguteenistuse juhataja Indrek Ranniku, meediaspetsialist Helle Tolmoff ja asjaajamisteenistuse spetsialist Sandra Õnne"	""	"Allkirjastatud"
"http://info.raad.tartu.ee/webaktid.nsf/web/gpunid/GC2257ED20030C63DC2257DF20021990E?OpenDocument"	"http://info.raad.tartu.ee/webaktid.nsf/web/gpunid/GF0B79A31245C04CBC2257DEC00778674?OpenDocument"	"196"	"Istungi protokoll"	"Tartu Linnavalitsus"	"12.02.2015"	"10"	"Elektrooniline istung"	"11:00"	"Urmas Klaas"	"Jüri Mölder"	"linnapea Urmas Klaas, abilinnapead Jarno Laur, Kajar Lember, Valvo Semilarski, Vladimir Šokman, Tiia Teppan ja linnasekretär Jüri Mölder (kõik elektrooniliselt)"	""	""	""	"Allkirjastatud"
"http://info.raad.tartu.ee/webaktid.nsf/web/gpunid/GC2257ED20030C63DC2257DB30023EA22?OpenDocument"	"http://info.raad.tartu.ee/webaktid.nsf/web/gpunid/G63F936ED8BE39FD3C2257DB000292E66?OpenDocument"	"209"	"Istungi protokoll"	"Tartu Linnavalitsus"	"16.12.2014"	"73"	"Raekoda, istungite ruum"	"08:30 - 09:30"	"Urmas Klaas"	"Sandra Õnne"	"linnapea Urmas Klaas, abilinnapead Jarno Laur, Valvo Semilarski, Vladimir Šokman ja Tiia Teppan ning linnasekretär Jüri Mölder"	"abilinnapea Kajar Lember"	"linnaplaneerimise ja maakorralduse osakonna juhataja Urmas Ahven, arhitektuuri ja ehituse osakonna juhataja asetäitja Andres Aint, õigusteenistuse juhataja Anneli Apuhtin, sisekontrolliteenistuse juhataja – linna sisekontrolör Raivo Bachmann, ettevõtluse osakonna juhataja Malle Blumenau, sotsiaalabi osakonna juhataja Meida Griin, linnamajanduse osakonna juhataja Rein Haak, linnavarade osakonna juhataja Kunnar Jürgenson, tervishoiu osakonna juhataja Sirje Kree, sporditeenistuse juhataja Veljo Lamp, rahandusosakonna juhataja Külli Lust, linnavolikogu esimees Aadu Must, avalike suhete osakonna juhataja Indrek Mustimets, haridusosakonna juhataja Riho Raave, meediaspetsialist Helle Tolmoff ja asjaajamisteenistuse spetsialist Sandra Õnne"	""	"Allkirjastatud"
"http://info.raad.tartu.ee/webaktid.nsf/web/gpunid/GC2257ED20030C63DC2257D58001BF361?OpenDocument"	"http://info.raad.tartu.ee/webaktid.nsf/web/gpunid/G6B9AEEF92F086549C2257D250049AD81?OpenDocument"	"250"	"Istungi protokoll"	"Tartu Linnavalitsus"	"30.07.2014"	"43"	"Raekoda, istungite ruum"	"10:00 - 12:00"	"Valvo Semilarski"	"Reet Saks"	"abilinnapea Valvo Semilarski linnapea ülesannetes, Jarno Laur, Kajar Lember ja Tiia Teppan ning õigusteenistuse juhataja Anneli Apuhtin linnasekretäri ülesannetes"	"linnapea Urmas Klaas, abilinnapea Vladimir Šokman ja linnasekretär Jüri Mölder"	"sotsiaalabiosakonna juhataja Meida Griin, linnamajanduse osakonna juhataja Rein Haak, linnavarade osakonna juhataja Kunnar Jürgenson, tervishoiuosakonna juhataja Sirje Kree, rahandusosakonna juhataja asetäitja Tiina Ligi, kultuuriosakonna juhataja Marianne Menning, avalike suhete osakonna juhataja Indrek Mustimets, arhitektuuri ja ehituse osakonna juhataja Andrus Mäesepp, haridusosakonna juhataja kohusetäitja Karin Pihl, linnaplaneerimise ja maakorralduse osakonna juhataja asetäitja Mati Raamat, asjaajamisteenistuse juhataja Reet Saks, meediaspetsialist Helle Tolmoff"	""	"Allkirjastatud"
"http://info.raad.tartu.ee/webaktid.nsf/web/gpunid/GC2257ED20030C63DC2257D04001BB5CB?OpenDocument"	"http://info.raad.tartu.ee/webaktid.nsf/web/gpunid/G0261CD461135D595C2257CFD00601D0D?OpenDocument"	"254"	"Istungi protokoll"	"Tartu Linnavalitsus"	"20.06.2014"	"36"	"Raekoda, linnapea kabinet"	"13:00 - 15:30"	"Urmas Klaas"	"Jüri Mölder"	"linnapea Urmas Klaas, abilinnapead Jarno Laur, Kajar Lember, Valvo Semilarski, Tiia Teppan ja linnasekretär Jüri Mölder"	"abilinnapea Vladimir Šokman"	"linnamajanduse osakonna juhataja asetäitja Andres Pool, haridusosakonna juhataja Riho Raave, linnakantselei sisekontrolliteenistuse juhataja Raivo Bachmann, avalike suhete osakonna meediaspetsialist Raul Veede"	""	"Allkirjastatud"
"http://info.raad.tartu.ee/webaktid.nsf/web/gpunid/GC2257ED20030C63DC2257D04001BAD67?OpenDocument"	"http://info.raad.tartu.ee/webaktid.nsf/web/gpunid/G0261CD461135D595C2257CFD00601D0D?OpenDocument"	"255"	"Istungi protokoll"	"Tartu Linnavalitsus"	"20.06.2014"	"36"	"Raekoda, linnapea kabinet"	"13:00 - 15:30"	"Urmas Klaas"	"Jüri Mölder"	"linnapea Urmas Klaas, abilinnapead Jarno Laur, Kajar Lember, Valvo Semilarski, Tiia Teppan ja linnasekretär Jüri Mölder"	"abilinnapea Vladimir Šokman"	"linnamajanduse osakonna juhataja asetäitja Andres Pool, haridusosakonna juhataja Riho Raave, linnakantselei sisekontrolliteenistuse juhataja Raivo Bachmann, avalike suhete osakonna meediaspetsialist Raul Veede"	""	"Allkirjastatud"
"http://info.raad.tartu.ee/webaktid.nsf/web/gpunid/GC2257ED20030C63DC2257D04001A621D?OpenDocument"	"http://info.raad.tartu.ee/webaktid.nsf/web/gpunid/G1E0C8563DDFF3311C2257D03002A130D?OpenDocument"	"267"	"Istungi protokoll"	"Tartu Linnavalitsus"	"26.06.2014"	"37"	"Raekoda, linnapea kabinet"	"09:30 - 10:05"	"Urmas Klaas"	"Jüri Mölder"	"linnapea Urmas Klaas, abilinnapead Jarno Laur, Kajar Lember, Valvo Semilarski, Tiia Teppan, Vladimir Šokman ja linnasekretär Jüri Mölder"	""	""	""	"Allkirjastatud"
"http://info.raad.tartu.ee/webaktid.nsf/web/gpunid/GC2257ED20030C63DC2257CF6001DCB42?OpenDocument"	"http://info.raad.tartu.ee/webaktid.nsf/web/gpunid/G7A3E0DDF9A6B3ADDC2257CDE0024335F?OpenDocument"	"278"	"Istungi protokoll"	"Tartu Linnavalitsus"	"20.05.2014"	"28"	"Raekoda, linnapea kabinet"	"08:30 - 09:30"	"Urmas Klaas"	"Sandra Õnne"	"linnapea Urmas Klaas, abilinnapead Jarno Laur, Kajar Lember, Valvo Semilarski, Vladimir Šokman ja Tiia Teppan ning linnasekretär Jüri Mölder"	""	"linnaplaneerimise ja maakorralduse osakonna juhataja Urmas Ahven, õigusteenistuse juhataja Anneli Apuhtin, sisekontrolliteenistuse juhataja – linna sisekontrolör Raivo Bachmann, ettevõtluse osakonna juhataja Malle Blumenau, sotsiaalabi osakonna juhataja Meida Griin, linnamajanduse osakonna juhataja Rein Haak, linnavarade osakonna juhataja Kunnar Jürgenson, tervishoiuosakonna juhataja Sirje Kree, kultuuriosakonna juhataja asetäitja Veljo Lamp, rahandusosakonna juhataja Külli Lust, linnavolikogu esimees Aadu Must, avalike suhete osakonna juhataja Indrek Mustimets, arhitektuuri ja ehituse osakonna juhataja asetäitja Merlin Oja, haridusosakonna juhataja Riho Raave, Tartu Lille Maja direktor Hele Riit-Vällik, meediaspetsialist Helle Tolmoff ja asjaajamisteenistuse spetsialist Sandra Õnne"	""	"Allkirjastatud"
"http://info.raad.tartu.ee/webaktid.nsf/web/gpunid/GC2257ED20030C63DC2257CE1001B5D98?OpenDocument"	"http://info.raad.tartu.ee/webaktid.nsf/web/gpunid/G7A3E0DDF9A6B3ADDC2257CDE0024335F?OpenDocument"	"282"	"Istungi protokoll"	"Tartu Linnavalitsus"	"20.05.2014"	"28"	"Raekoda, linnapea kabinet"	"08:30 - 09:30"	"Urmas Klaas"	"Sandra Õnne"	"linnapea Urmas Klaas, abilinnapead Jarno Laur, Kajar Lember, Valvo Semilarski, Vladimir Šokman ja Tiia Teppan ning linnasekretär Jüri Mölder"	""	"linnaplaneerimise ja maakorralduse osakonna juhataja Urmas Ahven, õigusteenistuse juhataja Anneli Apuhtin, sisekontrolliteenistuse juhataja – linna sisekontrolör Raivo Bachmann, ettevõtluse osakonna juhataja Malle Blumenau, sotsiaalabi osakonna juhataja Meida Griin, linnamajanduse osakonna juhataja Rein Haak, linnavarade osakonna juhataja Kunnar Jürgenson, tervishoiuosakonna juhataja Sirje Kree, kultuuriosakonna juhataja asetäitja Veljo Lamp, rahandusosakonna juhataja Külli Lust, linnavolikogu esimees Aadu Must, avalike suhete osakonna juhataja Indrek Mustimets, arhitektuuri ja ehituse osakonna juhataja asetäitja Merlin Oja, haridusosakonna juhataja Riho Raave, Tartu Lille Maja direktor Hele Riit-Vällik, meediaspetsialist Helle Tolmoff ja asjaajamisteenistuse spetsialist Sandra Õnne"	""	"Allkirjastatud"
"http://info.raad.tartu.ee/webaktid.nsf/web/gpunid/GC2257ED20030C63DC2257CE1001B552A?OpenDocument"	"http://info.raad.tartu.ee/webaktid.nsf/web/gpunid/G7A3E0DDF9A6B3ADDC2257CDE0024335F?OpenDocument"	"283"	"Istungi protokoll"	"Tartu Linnavalitsus"	"20.05.2014"	"28"	"Raekoda, linnapea kabinet"	"08:30 - 09:30"	"Urmas Klaas"	"Sandra Õnne"	"linnapea Urmas Klaas, abilinnapead Jarno Laur, Kajar Lember, Valvo Semilarski, Vladimir Šokman ja Tiia Teppan ning linnasekretär Jüri Mölder"	""	"linnaplaneerimise ja maakorralduse osakonna juhataja Urmas Ahven, õigusteenistuse juhataja Anneli Apuhtin, sisekontrolliteenistuse juhataja – linna sisekontrolör Raivo Bachmann, ettevõtluse osakonna juhataja Malle Blumenau, sotsiaalabi osakonna juhataja Meida Griin, linnamajanduse osakonna juhataja Rein Haak, linnavarade osakonna juhataja Kunnar Jürgenson, tervishoiuosakonna juhataja Sirje Kree, kultuuriosakonna juhataja asetäitja Veljo Lamp, rahandusosakonna juhataja Külli Lust, linnavolikogu esimees Aadu Must, avalike suhete osakonna juhataja Indrek Mustimets, arhitektuuri ja ehituse osakonna juhataja asetäitja Merlin Oja, haridusosakonna juhataja Riho Raave, Tartu Lille Maja direktor Hele Riit-Vällik, meediaspetsialist Helle Tolmoff ja asjaajamisteenistuse spetsialist Sandra Õnne"	""	"Allkirjastatud"
"http://info.raad.tartu.ee/webaktid.nsf/web/gpunid/GC2257ED20030C63DC2257CC5001BE17F?OpenDocument"	"http://info.raad.tartu.ee/webaktid.nsf/web/gpunid/GF1E099FD9EB103FCC2257CC200280D3F?OpenDocument"	"290"	"Istungi protokoll"	"Tartu Linnavalitsus"	"22.04.2014"	"22"	"Raekoda, istungite ruum"	"08:30 - 10:05"	"Urmas Klaas"	"Sandra Õnne"	"linnapea Urmas Klaas, abilinnapead Jarno Laur, Kajar Lember, Valvo Semilarski, Vladimir Šokman ja Tiia Teppan ning linnasekretär Jüri Mölder"	""	"linnaplaneerimise ja maakorralduse osakonna juhataja Urmas Ahven, sisekontrolliteenistuse juhataja – linna sisekontrolör Raivo Bachmann, ettevõtluse osakonna juhataja Malle Blumenau, linnamajanduse osakonna juhataja Rein Haak, õigusteenistuse vanemjurist Marili Jõesuu, linnavarade osakonna juhataja Kunnar Jürgenson, tervishoiuosakonna juhataja Sirje Kree, sotsiaalabi osakonna juhataja asetäitja Tiina Kruuse, SA Tartu Loomemajanduskeskus juhataja Reigo Kuivjõgi, rahandusosakonna juhataja Külli Lust, kultuuriosakonna juhataja Marianne Menning, linnavolikogu esimees Aadu Must, avalike suhete osakonna juhataja Indrek Mustimets, arhitektuuri ja ehituse osakonna juhataja Andrus Mäesepp, haridusosakonna juhataja Riho Raave, meediaspetsialist Raul Veede ja asjaajamisteenistuse spetsialist Sandra Õnne"	""	"Allkirjastatud"
"http://info.raad.tartu.ee/webaktid.nsf/web/gpunid/GC2257ED20030C63DC2257CA20022E7C5?OpenDocument"	"http://info.raad.tartu.ee/webaktid.nsf/web/gpunid/G82F82B0418C83691C2257C9F002FCB36?OpenDocument"	"298"	"Istungi protokoll"	"Tartu Linnavalitsus"	"18.03.2014"	"15"	"Raekoda, istungite ruum"	"08:30 - 10:05"	"Urmas Kruuse"	"Sandra Õnne"	"linnapea Urmas Kruuse, abilinnapead Kajar Lember, Vladimir Šokman, Raimond Tamm ja Tiia Teppan ning linnasekretär Jüri Mölder"	"abilinnapea Jarno Laur"	"ASi Tartu Turg juhataja Jaak Aadamsoo, linnaplaneerimise ja maakorralduse osakonna juhataja Urmas Ahven, õigusteenistuse juhataja Anneli Apuhtin, sisekontrolliteenistuse juhataja – linna sisekontrolör Raivo Bachmann, ettevõtluse osakonna juhataja Malle Blumenau, sotsiaalabi osakonna juhataja Meida Griin, linnavarade osakonna juhataja Kunnar Jürgenson, tervishoiuosakonna juhataja Sirje Kree, õigusteenistuse praktikant Taavi Lindmäe, rahandusosakonna juhataja Külli Lust, kultuuriosakonna juhataja Marianne Menning, linnavolikogu esimees Aadu Must, avalike suhete osakonna juhataja Indrek Mustimets, arhitektuuri ja ehituse osakonna juhataja Andrus Mäesepp, linnamajanduse osakonna juhataja asetäitja Andres Pool, haridusosakonna juhataja Riho Raave, planeeringuteenistuse juhataja Indrek Ranniku, meediaspetsialist Helle Tolmoff ja asjaajamisteenistuse spetsialist Sandra Õnne"	""	"Allkirjastatud"
"http://info.raad.tartu.ee/webaktid.nsf/web/gpunid/GC2257ED20030C63DC2257C86001FFBFD?OpenDocument"	"http://info.raad.tartu.ee/webaktid.nsf/web/gpunid/GA0200136F7239458C2257C7C004BCC80?OpenDocument"	"309"	"Istungi protokoll"	"Tartu Linnavalitsus"	"11.02.2014"	"9"	"Raekoda, istungite ruum"	"08:30 - 09:30"	"Urmas Kruuse"	"Sandra Õnne"	"linnapea Urmas Kruuse, abilinnapead Jarno Laur, Kajar Lember, Vladimir Šokman ja Tiia Teppan ning õigusteenistuse juhataja Anneli Apuhtin linnasekretäri ülesannetes"	"abilinnapea Raimond Tamm ja linnasekretär Jüri Mölder"	"linnaplaneerimise ja maakorralduse osakonna juhataja Urmas Ahven, sisekontrolliteenistuse juhataja – linna sisekontrolör Raivo Bachmann, ettevõtluse osakonna juhataja Malle Blumenau, sotsiaalabi osakonna juhataja Meida Griin, linnamajanduse osakonna juhataja Rein Haak, linnavarade osakonna juhataja Kunnar Jürgenson, tervishoiuosakonna juhataja Sirje Kree, õigusteenistuse praktikant Taavi Lindmäe, rahandusosakonna juhataja Külli Lust, avalike suhete osakonna juhataja Indrek Mustimets, arhitektuuri ja ehituse osakonna juhataja Andrus Mäesepp, haridusosakonna juhataja Riho Raave, meediaspetsialist Helle Tolmoff ja asjaajamisteenistuse spetsialist Sandra Õnne"	""	"Allkirjastatud"
"http://info.raad.tartu.ee/webaktid.nsf/web/gpunid/GC2257ED20030C63DC2257C86001FFBFD?OpenDocument"	"http://info.raad.tartu.ee/webaktid.nsf/web/gpunid/G0854290AF190A1BEC2257C83002B77DB?OpenDocument"	"309"	"Istungi protokoll"	"Tartu Linnavalitsus"	"18.02.2014"	"10"	"Raekoda, istungite ruum"	"08:30 - 09:45"	"Urmas Kruuse"	"Sandra Õnne"	"linnapea Urmas Kruuse, abilinnapead Jarno Laur, Kajar Lember, Raimond Tamm ja Tiia Teppan ning linnasekretär Jüri Mölder"	"abilinnapea Vladimir Šokman"	"linnaplaneerimise ja maakorralduse osakonna juhataja Urmas Ahven, õigusteenistuse juhataja Anneli Apuhtin, sisekontrolliteenistuse juhataja – linna sisekontrolör Raivo Bachmann, ettevõtluse osakonna juhataja Malle Blumenau, sotsiaalabi osakonna juhataja Meida Griin, linnamajanduse osakonna juhataja Rein Haak, linnavarade osakonna juhataja Kunnar Jürgenson, tervishoiuosakonna juhataja Sirje Kree, õigusteenistuse praktikant Taavi Lindmäe, rahandusosakonna juhataja Külli Lust, kultuuriosakonna juhataja Marianne Menning, linnavolikogu esimees Aadu Must, avalike suhete osakonna juhataja Indrek Mustimets, arhitektuuri ja ehituse osakonna juhataja Andrus Mäesepp, haridusosakonna juhataja Riho Raave, meediaspetsialist Helle Tolmoff ja asjaajamisteenistuse spetsialist Sandra Õnne"	""	"Allkirjastatud"
"http://info.raad.tartu.ee/webaktid.nsf/web/gpunid/GC2257ED20030C63DC2257C86001FF3CE?OpenDocument"	"http://info.raad.tartu.ee/webaktid.nsf/web/gpunid/G0854290AF190A1BEC2257C83002B77DB?OpenDocument"	"310"	"Istungi protokoll"	"Tartu Linnavalitsus"	"18.02.2014"	"10"	"Raekoda, istungite ruum"	"08:30 - 09:45"	"Urmas Kruuse"	"Sandra Õnne"	"linnapea Urmas Kruuse, abilinnapead Jarno Laur, Kajar Lember, Raimond Tamm ja Tiia Teppan ning linnasekretär Jüri Mölder"	"abilinnapea Vladimir Šokman"	"linnaplaneerimise ja maakorralduse osakonna juhataja Urmas Ahven, õigusteenistuse juhataja Anneli Apuhtin, sisekontrolliteenistuse juhataja – linna sisekontrolör Raivo Bachmann, ettevõtluse osakonna juhataja Malle Blumenau, sotsiaalabi osakonna juhataja Meida Griin, linnamajanduse osakonna juhataja Rein Haak, linnavarade osakonna juhataja Kunnar Jürgenson, tervishoiuosakonna juhataja Sirje Kree, õigusteenistuse praktikant Taavi Lindmäe, rahandusosakonna juhataja Külli Lust, kultuuriosakonna juhataja Marianne Menning, linnavolikogu esimees Aadu Must, avalike suhete osakonna juhataja Indrek Mustimets, arhitektuuri ja ehituse osakonna juhataja Andrus Mäesepp, haridusosakonna juhataja Riho Raave, meediaspetsialist Helle Tolmoff ja asjaajamisteenistuse spetsialist Sandra Õnne"	""	"Allkirjastatud"
"http://info.raad.tartu.ee/webaktid.nsf/web/gpunid/GC2257ED20030C63DC2257C86001FD0BD?OpenDocument"	"http://info.raad.tartu.ee/webaktid.nsf/web/gpunid/GA0200136F7239458C2257C7C004BCC80?OpenDocument"	"314"	"Istungi protokoll"	"Tartu Linnavalitsus"	"11.02.2014"	"9"	"Raekoda, istungite ruum"	"08:30 - 09:30"	"Urmas Kruuse"	"Sandra Õnne"	"linnapea Urmas Kruuse, abilinnapead Jarno Laur, Kajar Lember, Vladimir Šokman ja Tiia Teppan ning õigusteenistuse juhataja Anneli Apuhtin linnasekretäri ülesannetes"	"abilinnapea Raimond Tamm ja linnasekretär Jüri Mölder"	"linnaplaneerimise ja maakorralduse osakonna juhataja Urmas Ahven, sisekontrolliteenistuse juhataja – linna sisekontrolör Raivo Bachmann, ettevõtluse osakonna juhataja Malle Blumenau, sotsiaalabi osakonna juhataja Meida Griin, linnamajanduse osakonna juhataja Rein Haak, linnavarade osakonna juhataja Kunnar Jürgenson, tervishoiuosakonna juhataja Sirje Kree, õigusteenistuse praktikant Taavi Lindmäe, rahandusosakonna juhataja Külli Lust, avalike suhete osakonna juhataja Indrek Mustimets, arhitektuuri ja ehituse osakonna juhataja Andrus Mäesepp, haridusosakonna juhataja Riho Raave, meediaspetsialist Helle Tolmoff ja asjaajamisteenistuse spetsialist Sandra Õnne"	""	"Allkirjastatud"
"http://info.raad.tartu.ee/webaktid.nsf/web/gpunid/GC2257ED20030C63DC2257C6A00269A66?OpenDocument"	"http://info.raad.tartu.ee/webaktid.nsf/web/gpunid/G3227D33F389C2080C2257C670030CA55?OpenDocument"	"316"	"Istungi protokoll"	"Tartu Linnavalitsus"	"21.01.2014"	"5"	"Raekoda, istungite ruum"	"08:30 - 10:40"	"Urmas Kruuse"	"Sandra Õnne"	"linnapea Urmas Kruuse, abilinnapead Jarno Laur, Kajar Lember, Vladimir Šokman ja Tiia Teppan ning linnasekretär Jüri Mölder"	"abilinnapea Raimond Tamm"	"kultuuriteenistuse juhataja Külli Aleksanderson, õigusteenistuse juhataja Anneli Apuhtin, linnaplaneerimise ja maakorralduse osakonna juhataja Urmas Ahven, sisekontrolliteenistuse juhataja – linna sisekontrolör Raivo Bachmann, ettevõtluse osakonna juhataja Malle Blumenau, sotsiaalabi osakonna juhataja Meida Griin, linnamajanduse osakonna juhataja Rein Haak, linnavarade osakonna juhataja Kunnar Jürgenson, rahandusosakonna juhataja asetäitja Tiina Ligi, kultuuriosakonna juhataja Marianne Menning, linnavolikogu esimees Aadu Must, avalike suhete osakonna juhataja Indrek Mustimets, arhitektuuri ja ehituse osakonna juhataja Andrus Mäesepp, haridusosakonna juhataja Riho Raave, planeeringuteenistuse juhataja Indrek Ranniku, meediaspetsialist Helle Tolmoff, Tartu UNESCO loovlinnade võrgustikku projekti taotluse koostaja Berk Vaher ja asjaajamisteenistuse spetsialist Sandra Õnne"	""	"Allkirjastatud"
"http://info.raad.tartu.ee/webaktid.nsf/web/gpunid/GC2257ED20030C63DC2257C6A0026775B?OpenDocument"	"http://info.raad.tartu.ee/webaktid.nsf/web/gpunid/G3227D33F389C2080C2257C670030CA55?OpenDocument"	"317"	"Istungi protokoll"	"Tartu Linnavalitsus"	"21.01.2014"	"5"	"Raekoda, istungite ruum"	"08:30 - 10:40"	"Urmas Kruuse"	"Sandra Õnne"	"linnapea Urmas Kruuse, abilinnapead Jarno Laur, Kajar Lember, Vladimir Šokman ja Tiia Teppan ning linnasekretär Jüri Mölder"	"abilinnapea Raimond Tamm"	"kultuuriteenistuse juhataja Külli Aleksanderson, õigusteenistuse juhataja Anneli Apuhtin, linnaplaneerimise ja maakorralduse osakonna juhataja Urmas Ahven, sisekontrolliteenistuse juhataja – linna sisekontrolör Raivo Bachmann, ettevõtluse osakonna juhataja Malle Blumenau, sotsiaalabi osakonna juhataja Meida Griin, linnamajanduse osakonna juhataja Rein Haak, linnavarade osakonna juhataja Kunnar Jürgenson, rahandusosakonna juhataja asetäitja Tiina Ligi, kultuuriosakonna juhataja Marianne Menning, linnavolikogu esimees Aadu Must, avalike suhete osakonna juhataja Indrek Mustimets, arhitektuuri ja ehituse osakonna juhataja Andrus Mäesepp, haridusosakonna juhataja Riho Raave, planeeringuteenistuse juhataja Indrek Ranniku, meediaspetsialist Helle Tolmoff, Tartu UNESCO loovlinnade võrgustikku projekti taotluse koostaja Berk Vaher ja asjaajamisteenistuse spetsialist Sandra Õnne"	""	"Allkirjastatud"
"http://info.raad.tartu.ee/webaktid.nsf/web/gpunid/GC2257ED20030C63DC2257C6A00266C09?OpenDocument"	"http://info.raad.tartu.ee/webaktid.nsf/web/gpunid/G3227D33F389C2080C2257C670030CA55?OpenDocument"	"318"	"Istungi protokoll"	"Tartu Linnavalitsus"	"21.01.2014"	"5"	"Raekoda, istungite ruum"	"08:30 - 10:40"	"Urmas Kruuse"	"Sandra Õnne"	"linnapea Urmas Kruuse, abilinnapead Jarno Laur, Kajar Lember, Vladimir Šokman ja Tiia Teppan ning linnasekretär Jüri Mölder"	"abilinnapea Raimond Tamm"	"kultuuriteenistuse juhataja Külli Aleksanderson, õigusteenistuse juhataja Anneli Apuhtin, linnaplaneerimise ja maakorralduse osakonna juhataja Urmas Ahven, sisekontrolliteenistuse juhataja – linna sisekontrolör Raivo Bachmann, ettevõtluse osakonna juhataja Malle Blumenau, sotsiaalabi osakonna juhataja Meida Griin, linnamajanduse osakonna juhataja Rein Haak, linnavarade osakonna juhataja Kunnar Jürgenson, rahandusosakonna juhataja asetäitja Tiina Ligi, kultuuriosakonna juhataja Marianne Menning, linnavolikogu esimees Aadu Must, avalike suhete osakonna juhataja Indrek Mustimets, arhitektuuri ja ehituse osakonna juhataja Andrus Mäesepp, haridusosakonna juhataja Riho Raave, planeeringuteenistuse juhataja Indrek Ranniku, meediaspetsialist Helle Tolmoff, Tartu UNESCO loovlinnade võrgustikku projekti taotluse koostaja Berk Vaher ja asjaajamisteenistuse spetsialist Sandra Õnne"	""	"Allkirjastatud"
"http://info.raad.tartu.ee/webaktid.nsf/web/gpunid/GC2257ED20030C63DC2257C6A0026643C?OpenDocument"	"http://info.raad.tartu.ee/webaktid.nsf/web/gpunid/G3227D33F389C2080C2257C670030CA55?OpenDocument"	"319"	"Istungi protokoll"	"Tartu Linnavalitsus"	"21.01.2014"	"5"	"Raekoda, istungite ruum"	"08:30 - 10:40"	"Urmas Kruuse"	"Sandra Õnne"	"linnapea Urmas Kruuse, abilinnapead Jarno Laur, Kajar Lember, Vladimir Šokman ja Tiia Teppan ning linnasekretär Jüri Mölder"	"abilinnapea Raimond Tamm"	"kultuuriteenistuse juhataja Külli Aleksanderson, õigusteenistuse juhataja Anneli Apuhtin, linnaplaneerimise ja maakorralduse osakonna juhataja Urmas Ahven, sisekontrolliteenistuse juhataja – linna sisekontrolör Raivo Bachmann, ettevõtluse osakonna juhataja Malle Blumenau, sotsiaalabi osakonna juhataja Meida Griin, linnamajanduse osakonna juhataja Rein Haak, linnavarade osakonna juhataja Kunnar Jürgenson, rahandusosakonna juhataja asetäitja Tiina Ligi, kultuuriosakonna juhataja Marianne Menning, linnavolikogu esimees Aadu Must, avalike suhete osakonna juhataja Indrek Mustimets, arhitektuuri ja ehituse osakonna juhataja Andrus Mäesepp, haridusosakonna juhataja Riho Raave, planeeringuteenistuse juhataja Indrek Ranniku, meediaspetsialist Helle Tolmoff, Tartu UNESCO loovlinnade võrgustikku projekti taotluse koostaja Berk Vaher ja asjaajamisteenistuse spetsialist Sandra Õnne"	""	"Allkirjastatud"
"http://info.raad.tartu.ee/webaktid.nsf/web/gpunid/GC2257ED20030C63DC2257C6A00265917?OpenDocument"	"http://info.raad.tartu.ee/webaktid.nsf/web/gpunid/G3227D33F389C2080C2257C670030CA55?OpenDocument"	"320"	"Istungi protokoll"	"Tartu Linnavalitsus"	"21.01.2014"	"5"	"Raekoda, istungite ruum"	"08:30 - 10:40"	"Urmas Kruuse"	"Sandra Õnne"	"linnapea Urmas Kruuse, abilinnapead Jarno Laur, Kajar Lember, Vladimir Šokman ja Tiia Teppan ning linnasekretär Jüri Mölder"	"abilinnapea Raimond Tamm"	"kultuuriteenistuse juhataja Külli Aleksanderson, õigusteenistuse juhataja Anneli Apuhtin, linnaplaneerimise ja maakorralduse osakonna juhataja Urmas Ahven, sisekontrolliteenistuse juhataja – linna sisekontrolör Raivo Bachmann, ettevõtluse osakonna juhataja Malle Blumenau, sotsiaalabi osakonna juhataja Meida Griin, linnamajanduse osakonna juhataja Rein Haak, linnavarade osakonna juhataja Kunnar Jürgenson, rahandusosakonna juhataja asetäitja Tiina Ligi, kultuuriosakonna juhataja Marianne Menning, linnavolikogu esimees Aadu Must, avalike suhete osakonna juhataja Indrek Mustimets, arhitektuuri ja ehituse osakonna juhataja Andrus Mäesepp, haridusosakonna juhataja Riho Raave, planeeringuteenistuse juhataja Indrek Ranniku, meediaspetsialist Helle Tolmoff, Tartu UNESCO loovlinnade võrgustikku projekti taotluse koostaja Berk Vaher ja asjaajamisteenistuse spetsialist Sandra Õnne"	""	"Allkirjastatud"
"http://info.raad.tartu.ee/webaktid.nsf/web/gpunid/GC2257ED20030C63DC2257C6A00265158?OpenDocument"	"http://info.raad.tartu.ee/webaktid.nsf/web/gpunid/G3227D33F389C2080C2257C670030CA55?OpenDocument"	"321"	"Istungi protokoll"	"Tartu Linnavalitsus"	"21.01.2014"	"5"	"Raekoda, istungite ruum"	"08:30 - 10:40"	"Urmas Kruuse"	"Sandra Õnne"	"linnapea Urmas Kruuse, abilinnapead Jarno Laur, Kajar Lember, Vladimir Šokman ja Tiia Teppan ning linnasekretär Jüri Mölder"	"abilinnapea Raimond Tamm"	"kultuuriteenistuse juhataja Külli Aleksanderson, õigusteenistuse juhataja Anneli Apuhtin, linnaplaneerimise ja maakorralduse osakonna juhataja Urmas Ahven, sisekontrolliteenistuse juhataja – linna sisekontrolör Raivo Bachmann, ettevõtluse osakonna juhataja Malle Blumenau, sotsiaalabi osakonna juhataja Meida Griin, linnamajanduse osakonna juhataja Rein Haak, linnavarade osakonna juhataja Kunnar Jürgenson, rahandusosakonna juhataja asetäitja Tiina Ligi, kultuuriosakonna juhataja Marianne Menning, linnavolikogu esimees Aadu Must, avalike suhete osakonna juhataja Indrek Mustimets, arhitektuuri ja ehituse osakonna juhataja Andrus Mäesepp, haridusosakonna juhataja Riho Raave, planeeringuteenistuse juhataja Indrek Ranniku, meediaspetsialist Helle Tolmoff, Tartu UNESCO loovlinnade võrgustikku projekti taotluse koostaja Berk Vaher ja asjaajamisteenistuse spetsialist Sandra Õnne"	""	"Allkirjastatud"
"http://info.raad.tartu.ee/webaktid.nsf/web/gpunid/GC2257ED20030C63DC2257C6A002646E7?OpenDocument"	"http://info.raad.tartu.ee/webaktid.nsf/web/gpunid/G3227D33F389C2080C2257C670030CA55?OpenDocument"	"322"	"Istungi protokoll"	"Tartu Linnavalitsus"	"21.01.2014"	"5"	"Raekoda, istungite ruum"	"08:30 - 10:40"	"Urmas Kruuse"	"Sandra Õnne"	"linnapea Urmas Kruuse, abilinnapead Jarno Laur, Kajar Lember, Vladimir Šokman ja Tiia Teppan ning linnasekretär Jüri Mölder"	"abilinnapea Raimond Tamm"	"kultuuriteenistuse juhataja Külli Aleksanderson, õigusteenistuse juhataja Anneli Apuhtin, linnaplaneerimise ja maakorralduse osakonna juhataja Urmas Ahven, sisekontrolliteenistuse juhataja – linna sisekontrolör Raivo Bachmann, ettevõtluse osakonna juhataja Malle Blumenau, sotsiaalabi osakonna juhataja Meida Griin, linnamajanduse osakonna juhataja Rein Haak, linnavarade osakonna juhataja Kunnar Jürgenson, rahandusosakonna juhataja asetäitja Tiina Ligi, kultuuriosakonna juhataja Marianne Menning, linnavolikogu esimees Aadu Must, avalike suhete osakonna juhataja Indrek Mustimets, arhitektuuri ja ehituse osakonna juhataja Andrus Mäesepp, haridusosakonna juhataja Riho Raave, planeeringuteenistuse juhataja Indrek Ranniku, meediaspetsialist Helle Tolmoff, Tartu UNESCO loovlinnade võrgustikku projekti taotluse koostaja Berk Vaher ja asjaajamisteenistuse spetsialist Sandra Õnne"	""	"Allkirjastatud"
"http://info.raad.tartu.ee/webaktid.nsf/web/gpunid/GC2257DD200719704C2257C390023B46E?OpenDocument"	"http://info.raad.tartu.ee/webaktid.nsf/web/gpunid/G1BC0FB3675147B54C2257C3600310402?OpenDocument"	"333"	"Istungi protokoll"	"Tartu Linnavalitsus"	"03.12.2013"	"86"	"Raekoda, istungite ruum"	"08:30 - 10:50"	"Urmas Kruuse"	"Sandra Õnne"	"linnapea Urmas Kruuse, abilinnapead Jarno Laur, Kajar Lember, Vladimir Šokman, Raimond Tamm ja Tiia Teppan ning linnasekretär Jüri Mölder"	""	"õigusteenistuse juhataja Anneli Apuhtin, linnaplaneerimise ja maakorralduse osakonna juhataja Urmas Ahven, sisekontrolliteenistuse juhataja – linna sisekontrolör Raivo Bachmann, ettevõtluse osakonna juhataja Malle Blumenau, sotsiaalabi osakonna juhataja Meida Griin, linnavarade osakonna juhataja Kunnar Jürgenson, tervishoiuosakonna juhataja Sirje Kree, sporditeenistuse juhataja Veljo Lamp, rahandusosakonna juhataja Külli Lust, kultuuriosakonna juhataja Marianne Menning, linnavolikogu esimees Aadu Must, arhitektuuri ja ehituse osakonna juhataja Andrus Mäesepp, linnamajanduse osakonna juhataja asetäitja Andres Pool, haridusosakonna juhataja Riho Raave, meediaspetsialist Helle Tolmoff ja asjaajamisteenistuse spetsialist Sandra Õnne"	""	"Allkirjastatud"
